{"confusion_matrix": {"_type": "image-file", "sha256": "c490ef72e7ee43e00cd474fece0331604391928e2b74affc3121d4fa9b89356f", "size": 2306, "path": "media/images/confusion_matrix_1_c490ef72e7ee43e00cd4.png", "format": "png", "width": 640, "height": 480}, "_timestamp": 1699192132.3887694, "_runtime": 13.083106279373169, "_step": 1, "accuracy": 0.9946153846153846, "recall": 1.0, "precision": 0.9888178913738019, "_wandb": {"runtime": 12}}