{"accuracy": 0.9946153846153846, "recall": 1.0, "precision": 0.9888178913738019, "_wandb": {"runtime": 7}}