{"acc": 0.99, "_timestamp": 1698684152.547657, "_runtime": 11.562233924865723, "_step": 0, "_wandb": {"runtime": 9}}