{"confusion_matrix": {"_type": "image-file", "sha256": "c490ef72e7ee43e00cd474fece0331604391928e2b74affc3121d4fa9b89356f", "size": 2306, "path": "media/images/confusion_matrix_1_c490ef72e7ee43e00cd4.png", "format": "png", "width": 640, "height": 480}, "_timestamp": 1699192385.70565, "_runtime": 11.674848079681396, "_step": 1, "accuracy": 0.9569230769230769, "recall": 0.9596774193548387, "precision": 0.950479233226837, "_wandb": {"runtime": 10}}