{"confusion_matrix": {"_type": "image-file", "sha256": "c490ef72e7ee43e00cd474fece0331604391928e2b74affc3121d4fa9b89356f", "size": 2306, "path": "media/images/confusion_matrix_1_c490ef72e7ee43e00cd4.png", "format": "png", "width": 640, "height": 480}, "_timestamp": 1699192534.5651956, "_runtime": 11.442873477935791, "_step": 1, "accuracy": 0.9815384615384616, "recall": 1.0, "precision": 0.9616613418530351, "_wandb": {"runtime": 10}}